"FullName","CreationTime","LastWriteTime","Length"
"D:\work\liveview\ui\plans\pipeline\radicalUI_build.md","3/13/2026 7:35:59 PM","3/13/2026 7:35:59 PM","48315"
"D:\work\liveview\ui\plans\pipeline\work\liveView\ui\plans\pipeline\workbench-v2\ARCHITECTURE.md","3/13/2026 7:41:16 PM","3/13/2026 7:41:16 PM","735"
"D:\work\liveview\ui\plans\pipeline\work\liveView\ui\plans\pipeline\workbench-v2\INTERACTION_MODEL.md","3/13/2026 7:41:21 PM","3/13/2026 7:41:21 PM","755"
"D:\work\liveview\ui\plans\pipeline\work\liveView\ui\plans\pipeline\workbench-v2\COMPONENT_MAP.md","3/13/2026 7:43:13 PM","3/13/2026 7:43:13 PM","608"
"D:\work\liveview\ui\plans\pipeline\work\liveView\ui\plans\pipeline\workbench-v2\PHASE_TASKS.md","3/13/2026 7:43:18 PM","3/13/2026 7:43:18 PM","430"
"D:\work\liveview\ui\plans\pipeline\work\liveView\ui\plans\pipeline\workbench-v2\GRAPH_SPIKE.md","3/13/2026 7:43:44 PM","3/13/2026 7:43:44 PM","306"
"D:\work\liveview\ui\plans\pipeline\work\liveView\ui\plans\pipeline\workbench-v2\TESTING_STRATEGY.md","3/13/2026 7:43:49 PM","3/13/2026 7:43:49 PM","431"
"D:\work\liveview\ui\plans\pipeline\workbench-v2\ARCHITECTURE.md","3/13/2026 7:45:07 PM","3/13/2026 7:41:16 PM","735"
"D:\work\liveview\ui\plans\pipeline\workbench-v2\COMPONENT_MAP.md","3/13/2026 7:45:07 PM","3/13/2026 7:43:13 PM","608"
"D:\work\liveview\ui\plans\pipeline\workbench-v2\GRAPH_SPIKE.md","3/13/2026 7:45:07 PM","3/13/2026 7:43:44 PM","306"
"D:\work\liveview\ui\plans\pipeline\workbench-v2\INTERACTION_MODEL.md","3/13/2026 7:45:07 PM","3/13/2026 7:41:21 PM","755"
"D:\work\liveview\ui\plans\pipeline\workbench-v2\PHASE_TASKS.md","3/13/2026 7:45:07 PM","3/13/2026 7:43:18 PM","430"
"D:\work\liveview\ui\plans\pipeline\workbench-v2\TESTING_STRATEGY.md","3/13/2026 7:45:07 PM","3/13/2026 7:43:49 PM","431"
"D:\work\liveview\ui\src\components\research\workbench\CatalogBrowser.tsx","3/13/2026 7:50:40 PM","3/13/2026 9:34:50 PM","6662"
"D:\work\liveview\ui\src\components\research\workbench\InspectorPanel.tsx","3/13/2026 7:50:40 PM","3/13/2026 9:37:12 PM","9956"
"D:\work\liveview\ui\src\read-models\workbench\deriveWorkbenchCatalogBrowser.ts","3/13/2026 7:50:40 PM","3/13/2026 9:30:01 PM","4362"
"D:\work\liveview\ui\src\components\research\workbench\VisualizationSurface.tsx","3/13/2026 7:50:40 PM","3/13/2026 9:14:19 PM","3195"
"D:\work\liveview\ui\src\components\research\WorkbenchShell.tsx","3/13/2026 7:50:40 PM","3/13/2026 9:33:06 PM","14124"
"D:\work\liveview\ui\src\components\research\ResearchShell.tsx","3/13/2026 7:51:11 PM","3/13/2026 9:21:15 PM","3079"
"D:\work\liveview\ui\node_modules\react-resizable-panels\dist\react-resizable-panels.browser.cjs.js","3/13/2026 7:56:54 PM","3/13/2026 7:56:54 PM","82501"
"D:\work\liveview\ui\node_modules\react-resizable-panels\dist\react-resizable-panels.browser.development.cjs.js","3/13/2026 7:56:54 PM","3/13/2026 7:56:54 PM","86386"
"D:\work\liveview\ui\node_modules\react-resizable-panels\dist\react-resizable-panels.browser.development.esm.js","3/13/2026 7:56:54 PM","3/13/2026 7:56:54 PM","85329"
"D:\work\liveview\ui\node_modules\react-resizable-panels\dist\react-resizable-panels.browser.esm.js","3/13/2026 7:56:54 PM","3/13/2026 7:56:54 PM","81444"
"D:\work\liveview\ui\node_modules\react-resizable-panels\dist\react-resizable-panels.cjs.js","3/13/2026 7:56:54 PM","3/13/2026 7:56:54 PM","82573"
"D:\work\liveview\ui\node_modules\react-resizable-panels\dist\react-resizable-panels.development.cjs.js","3/13/2026 7:56:54 PM","3/13/2026 7:56:54 PM","86704"
"D:\work\liveview\ui\node_modules\react-resizable-panels\dist\react-resizable-panels.development.esm.js","3/13/2026 7:56:54 PM","3/13/2026 7:56:54 PM","85647"
"D:\work\liveview\ui\node_modules\react-resizable-panels\dist\react-resizable-panels.development.node.cjs.js","3/13/2026 7:56:54 PM","3/13/2026 7:56:54 PM","78236"
"D:\work\liveview\ui\node_modules\react-resizable-panels\dist\react-resizable-panels.development.node.esm.js","3/13/2026 7:56:54 PM","3/13/2026 7:56:54 PM","77179"
"D:\work\liveview\ui\node_modules\react-resizable-panels\dist\react-resizable-panels.esm.js","3/13/2026 7:56:54 PM","3/13/2026 7:56:54 PM","81516"
"D:\work\liveview\ui\node_modules\react-resizable-panels\dist\react-resizable-panels.node.cjs.js","3/13/2026 7:56:54 PM","3/13/2026 7:56:54 PM","74495"
"D:\work\liveview\ui\node_modules\react-resizable-panels\dist\react-resizable-panels.node.esm.js","3/13/2026 7:56:54 PM","3/13/2026 7:56:54 PM","73438"
"D:\work\liveview\ui\node_modules\react-resizable-panels\dist\react-resizable-panels.cjs.d.ts.map","3/13/2026 7:56:54 PM","3/13/2026 7:56:54 PM","144"
"D:\work\liveview\ui\node_modules\react-resizable-panels\package.json","3/13/2026 7:56:54 PM","3/13/2026 7:56:54 PM","3523"
"D:\work\liveview\ui\node_modules\react-resizable-panels\dist\react-resizable-panels.cjs.d.mts.map","3/13/2026 7:56:54 PM","3/13/2026 7:56:54 PM","145"
"D:\work\liveview\ui\node_modules\react-resizable-panels\dist\react-resizable-panels.browser.cjs.mjs","3/13/2026 7:56:54 PM","3/13/2026 7:56:54 PM","413"
"D:\work\liveview\ui\node_modules\react-resizable-panels\README.md","3/13/2026 7:56:54 PM","3/13/2026 7:56:54 PM","12317"
"D:\work\liveview\ui\node_modules\react-resizable-panels\dist\react-resizable-panels.browser.development.cjs.mjs","3/13/2026 7:56:54 PM","3/13/2026 7:56:54 PM","425"
"D:\work\liveview\ui\node_modules\react-resizable-panels\dist\react-resizable-panels.cjs.mjs","3/13/2026 7:56:54 PM","3/13/2026 7:56:54 PM","405"
"D:\work\liveview\ui\node_modules\react-resizable-panels\dist\react-resizable-panels.development.cjs.mjs","3/13/2026 7:56:54 PM","3/13/2026 7:56:54 PM","417"
"D:\work\liveview\ui\node_modules\react-resizable-panels\dist\react-resizable-panels.development.node.cjs.mjs","3/13/2026 7:56:54 PM","3/13/2026 7:56:54 PM","422"
"D:\work\liveview\ui\node_modules\react-resizable-panels\dist\declarations\src\utils\assert.d.ts","3/13/2026 7:56:54 PM","3/13/2026 7:56:54 PM","100"
"D:\work\liveview\ui\node_modules\react-resizable-panels\dist\react-resizable-panels.node.cjs.mjs","3/13/2026 7:56:54 PM","3/13/2026 7:56:54 PM","410"
"D:\work\liveview\ui\node_modules\react-resizable-panels\dist\react-resizable-panels.cjs.d.mts","3/13/2026 7:56:54 PM","3/13/2026 7:56:54 PM","103"
"D:\work\liveview\ui\node_modules\react-resizable-panels\dist\declarations\src\utils\csp.d.ts","3/13/2026 7:56:54 PM","3/13/2026 7:56:54 PM","113"
"D:\work\liveview\ui\node_modules\react-resizable-panels\dist\declarations\src\utils\cursor.d.ts","3/13/2026 7:56:54 PM","3/13/2026 7:56:54 PM","437"
"D:\work\liveview\ui\node_modules\react-resizable-panels\dist\declarations\src\utils\rects\getIntersectingRectangle.d.ts","3/13/2026 7:56:54 PM","3/13/2026 7:56:54 PM","158"
"D:\work\liveview\ui\node_modules\react-resizable-panels\dist\declarations\src\utils\dom\getPanelElement.d.ts","3/13/2026 7:56:54 PM","3/13/2026 7:56:54 PM","107"
"D:\work\liveview\ui\node_modules\react-resizable-panels\dist\declarations\src\utils\dom\getPanelElementsForGroup.d.ts","3/13/2026 7:56:54 PM","3/13/2026 7:56:54 PM","116"
"D:\work\liveview\ui\node_modules\react-resizable-panels\dist\declarations\src\utils\dom\getPanelGroupElement.d.ts","3/13/2026 7:56:54 PM","3/13/2026 7:56:54 PM","118"
"D:\work\liveview\ui\node_modules\react-resizable-panels\dist\declarations\src\utils\dom\getResizeHandleElement.d.ts","3/13/2026 7:56:54 PM","3/13/2026 7:56:54 PM","114"
"D:\work\liveview\ui\node_modules\react-resizable-panels\dist\declarations\src\utils\dom\getResizeHandleElementIndex.d.ts","3/13/2026 7:56:54 PM","3/13/2026 7:56:54 PM","131"
"D:\work\liveview\ui\node_modules\react-resizable-panels\dist\declarations\src\utils\dom\getResizeHandleElementsForGroup.d.ts","3/13/2026 7:56:54 PM","3/13/2026 7:56:54 PM","123"
"D:\work\liveview\ui\node_modules\react-resizable-panels\dist\declarations\src\utils\dom\getResizeHandlePanelIds.d.ts","3/13/2026 7:56:54 PM","3/13/2026 7:56:54 PM","239"
"D:\work\liveview\ui\node_modules\react-resizable-panels\dist\declarations\src\utils\rects\intersects.d.ts","3/13/2026 7:56:54 PM","3/13/2026 7:56:54 PM","142"
"D:\work\liveview\ui\node_modules\react-resizable-panels\dist\declarations\src\Panel.d.ts","3/13/2026 7:56:54 PM","3/13/2026 7:56:54 PM","3975"
"D:\work\liveview\ui\node_modules\react-resizable-panels\dist\declarations\src\index.d.ts","3/13/2026 7:56:54 PM","3/13/2026 7:56:54 PM","2030"
"D:\work\liveview\ui\node_modules\react-resizable-panels\dist\declarations\src\PanelResizeHandle.d.ts","3/13/2026 7:56:54 PM","3/13/2026 7:56:54 PM","1088"
"D:\work\liveview\ui\node_modules\react-resizable-panels\dist\declarations\src\PanelResizeHandleRegistry.d.ts","3/13/2026 7:56:54 PM","3/13/2026 7:56:54 PM","996"
"D:\work\liveview\ui\node_modules\react-resizable-panels\dist\declarations\src\PanelGroup.d.ts","3/13/2026 7:56:54 PM","3/13/2026 7:56:54 PM","1584"
"D:\work\liveview\ui\node_modules\react-resizable-panels\dist\react-resizable-panels.cjs.d.ts","3/13/2026 7:56:54 PM","3/13/2026 7:56:54 PM","99"
"D:\work\liveview\ui\node_modules\react-resizable-panels\dist\declarations\src\types.d.ts","3/13/2026 7:56:54 PM","3/13/2026 7:56:54 PM","178"
"D:\work\liveview\ui\node_modules\react-resizable-panels\dist\declarations\src\vendor\react.d.ts","3/13/2026 7:56:54 PM","3/13/2026 7:56:54 PM","1092"
"D:\work\liveview\ui\node_modules\react-resizable-panels\dist\declarations\src\utils\rects\types.d.ts","3/13/2026 7:56:54 PM","3/13/2026 7:56:54 PM","100"
"D:\work\liveview\ui\node_modules\.vite\deps\package.json","3/13/2026 7:57:03 PM","3/13/2026 7:57:03 PM","23"
"D:\work\liveview\ui\node_modules\.vite\deps\chunk-G3PMV62Z.js","3/13/2026 7:57:04 PM","3/13/2026 7:57:04 PM","1540"
"D:\work\liveview\ui\node_modules\.vite\deps\react-dom.js","3/13/2026 7:57:04 PM","3/13/2026 7:57:04 PM","193"
"D:\work\liveview\ui\node_modules\.vite\deps\react-dom_client.js.map","3/13/2026 7:57:04 PM","3/13/2026 7:57:04 PM","1213"
"D:\work\liveview\ui\node_modules\.vite\deps\react_jsx-runtime.js.map","3/13/2026 7:57:04 PM","3/13/2026 7:57:04 PM","61911"
"D:\work\liveview\ui\node_modules\.vite\deps\react.js.map","3/13/2026 7:57:04 PM","3/13/2026 7:57:04 PM","93"
"D:\work\liveview\ui\node_modules\.vite\deps\react-dom.js.map","3/13/2026 7:57:04 PM","3/13/2026 7:57:04 PM","93"
"D:\work\liveview\ui\node_modules\.vite\deps\react-resizable-panels.js.map","3/13/2026 7:57:04 PM","3/13/2026 7:57:04 PM","132819"
"D:\work\liveview\ui\node_modules\.vite\deps\react-dom_client.js","3/13/2026 7:57:04 PM","3/13/2026 7:57:04 PM","1016"
"D:\work\liveview\ui\node_modules\.vite\deps\react.js","3/13/2026 7:57:04 PM","3/13/2026 7:57:04 PM","151"
"D:\work\liveview\ui\node_modules\.vite\deps\zod.js","3/13/2026 7:57:04 PM","3/13/2026 7:57:04 PM","123963"
"D:\work\liveview\ui\node_modules\.vite\deps\chunk-PJEEZAML.js","3/13/2026 7:57:04 PM","3/13/2026 7:57:04 PM","928027"
"D:\work\liveview\ui\node_modules\.vite\deps\chunk-PJEEZAML.js.map","3/13/2026 7:57:04 PM","3/13/2026 7:57:04 PM","1492548"
"D:\work\liveview\ui\node_modules\.vite\deps\react-resizable-panels.js","3/13/2026 7:57:04 PM","3/13/2026 7:57:04 PM","73636"
"D:\work\liveview\ui\node_modules\.vite\deps\react_jsx-runtime.js","3/13/2026 7:57:04 PM","3/13/2026 7:57:04 PM","37306"
"D:\work\liveview\ui\node_modules\.vite\deps\recharts.js","3/13/2026 7:57:04 PM","3/13/2026 7:57:04 PM","1260372"
"D:\work\liveview\ui\node_modules\.vite\deps\recharts.js.map","3/13/2026 7:57:04 PM","3/13/2026 7:57:04 PM","2393705"
"D:\work\liveview\ui\node_modules\.vite\deps\zod.js.map","3/13/2026 7:57:04 PM","3/13/2026 7:57:04 PM","240955"
"D:\work\liveview\ui\node_modules\.vite\deps\react_jsx-dev-runtime.js","3/13/2026 7:57:04 PM","3/13/2026 7:57:04 PM","36967"
"D:\work\liveview\ui\node_modules\.vite\deps\chunk-DRWLMN53.js","3/13/2026 7:57:04 PM","3/13/2026 7:57:04 PM","77784"
"D:\work\liveview\ui\node_modules\.vite\deps\react_jsx-dev-runtime.js.map","3/13/2026 7:57:04 PM","3/13/2026 7:57:04 PM","61084"
"D:\work\liveview\ui\node_modules\.vite\deps\chunk-DRWLMN53.js.map","3/13/2026 7:57:04 PM","3/13/2026 7:57:04 PM","125603"
"D:\work\liveview\ui\node_modules\.vite\deps\chunk-G3PMV62Z.js.map","3/13/2026 7:57:04 PM","3/13/2026 7:57:04 PM","93"
"D:\work\liveview\ui\node_modules\.vite\deps\_metadata.json","3/13/2026 7:57:04 PM","3/13/2026 7:57:04 PM","1699"
"D:\work\liveview\ui\src\read-models\workbench\workbenchArtifactUtils.ts","3/13/2026 8:03:09 PM","3/13/2026 8:14:01 PM","2381"
"D:\work\liveview\ui\src\read-models\workbench\deriveWorkbenchEntityIndex.ts","3/13/2026 8:03:27 PM","3/13/2026 8:14:18 PM","2890"
"D:\work\liveview\ui\src\read-models\workbench\deriveWorkbenchSwimlaneModel.ts","3/13/2026 8:04:10 PM","3/13/2026 9:31:06 PM","12422"
"D:\work\liveview\ui\src\components\research\workbench\CandidateScoreHeatmap.tsx","3/13/2026 8:04:23 PM","3/13/2026 9:15:12 PM","2467"
"D:\work\liveview\ui\src\components\research\workbench\QueuePairCards.tsx","3/13/2026 8:04:33 PM","3/13/2026 9:15:27 PM","2154"
"D:\work\liveview\ui\src\components\research\workbench\HubCards.tsx","3/13/2026 8:04:42 PM","3/13/2026 9:15:41 PM","2111"
"D:\work\liveview\ui\src\components\research\workbench\GenericRecordRows.tsx","3/13/2026 8:04:56 PM","3/13/2026 9:15:56 PM","2008"
"D:\work\liveview\ui\src\components\research\workbench\SwimlaneLane.tsx","3/13/2026 8:05:08 PM","3/13/2026 9:35:34 PM","3457"
"D:\work\liveview\ui\src\components\research\workbench\SwimlaneSurface.tsx","3/13/2026 8:05:21 PM","3/13/2026 9:35:11 PM","2803"
"D:\work\liveview\ui\tests\workbenchSwimlaneReadModel.test.cjs","3/13/2026 8:07:19 PM","3/13/2026 9:39:40 PM","12254"
"D:\work\liveview\ui\src\read-models\workbench\workbenchViewModel.ts","3/13/2026 8:13:38 PM","3/13/2026 9:12:00 PM","2955"
"D:\work\liveview\ui\src\components\research\workbench\WorkbenchRibbon.tsx","3/13/2026 8:15:41 PM","3/13/2026 9:37:17 PM","5777"
"D:\work\liveview\ui\src\components\research\workbench\highlightUtils.tsx","3/13/2026 8:17:28 PM","3/13/2026 9:13:20 PM","1819"
"D:\work\liveview\ui\src\read-models\workbench\deriveWorkbenchGraphModel.ts","3/13/2026 8:29:11 PM","3/13/2026 9:31:57 PM","8992"
"D:\work\liveview\ui\src\components\research\workbench\GraphSurface.tsx","3/13/2026 8:29:52 PM","3/13/2026 9:36:17 PM","7756"
"D:\work\liveview\ui\src\read-models\workbench\deriveWorkbenchInspectorModel.ts","3/13/2026 8:52:37 PM","3/13/2026 8:52:37 PM","4167"
"D:\work\liveview\ui\src\validation\workbenchViewStateSchema.ts","3/13/2026 8:52:47 PM","3/13/2026 9:17:16 PM","933"
"D:\work\liveview\ui\dist\assets\index-BKl6fkzm.css","3/13/2026 9:39:21 PM","3/13/2026 9:39:21 PM","26506"
"D:\work\liveview\ui\dist\assets\vendor-DIDbcIV0.js","3/13/2026 9:39:21 PM","3/13/2026 9:39:21 PM","278592"
"D:\work\liveview\ui\dist\index.html","3/13/2026 9:39:21 PM","3/13/2026 9:39:21 PM","646"
"D:\work\liveview\ui\dist\assets\charts-vendor-C0o3VMPu.js","3/13/2026 9:39:21 PM","3/13/2026 9:39:21 PM","248078"
"D:\work\liveview\ui\dist\assets\workbench-vendor-BGannoPV.js","3/13/2026 9:39:21 PM","3/13/2026 9:39:21 PM","25496"
"D:\work\liveview\ui\dist\assets\validation-vendor-0yp7anPg.js","3/13/2026 9:39:21 PM","3/13/2026 9:39:21 PM","54210"
"D:\work\liveview\ui\dist\assets\index-Bv8Cccx-.js","3/13/2026 9:39:21 PM","3/13/2026 9:39:21 PM","133695"
"D:\work\liveview\ui\dist\assets\WorkbenchShell-BLK7qDAU.js","3/13/2026 9:39:21 PM","3/13/2026 9:39:21 PM","47584"
